old_path,type,title,new_path,status,note
/,page,דף הבית,/home.html,mapped,
/db/,page,מאגר המשאבים למורי ולדורף,/school-list.html,review,עמוד מאגר ישן. לבדוק מה הוא מכיל לפני שמפנים אותו
/forum/,page,הפורום הארצי לחינוך ולדורף,/forum.html,mapped,
/forum/groups/,page,קבוצות עבודה,/forum-workgroups.html,mapped,
/forum/groups/w-admin/,page,מנהלניות,/forum-workgroups.html,mapped-section,קבוצת עבודה באתר הישן; אין עמוד נפרד לכל קבוצה באתר החדש
/forum/groups/w-art/,page,מורי אומנות/ציור,/forum-workgroups.html,mapped-section,קבוצת עבודה באתר הישן; אין עמוד נפרד לכל קבוצה באתר החדש
/forum/groups/w-class1-2/,page,מורי א-ב,/forum-workgroups.html,mapped-section,קבוצת עבודה באתר הישן; אין עמוד נפרד לכל קבוצה באתר החדש
/forum/groups/w-class3-4/,page,מורי ג-ד,/forum-workgroups.html,mapped-section,קבוצת עבודה באתר הישן; אין עמוד נפרד לכל קבוצה באתר החדש
/forum/groups/w-class5-6/,page,מורי ה-ו,/forum-workgroups.html,mapped-section,קבוצת עבודה באתר הישן; אין עמוד נפרד לכל קבוצה באתר החדש
/forum/groups/w-class7-8/,page,מורי ז-ח,/forum-workgroups.html,mapped-section,קבוצת עבודה באתר הישן; אין עמוד נפרד לכל קבוצה באתר החדש
/forum/groups/w-counselor/,page,מורי יעוץ חינוכי,/forum-workgroups.html,mapped-section,קבוצת עבודה באתר הישן; אין עמוד נפרד לכל קבוצה באתר החדש
/forum/groups/w-crafts/,page,מורי מלאכות ועבודה בעץ,/forum-workgroups.html,mapped-section,קבוצת עבודה באתר הישן; אין עמוד נפרד לכל קבוצה באתר החדש
/forum/groups/w-english/,page,מורי אנגלית,/forum-workgroups.html,mapped-section,קבוצת עבודה באתר הישן; אין עמוד נפרד לכל קבוצה באתר החדש
/forum/groups/w-eurythmy/,page,מורי אוריתמיה,/forum-workgroups.html,mapped-section,קבוצת עבודה באתר הישן; אין עמוד נפרד לכל קבוצה באתר החדש
/forum/groups/w-math/,page,מורי מתמטיקה,/forum-workgroups.html,mapped-section,קבוצת עבודה באתר הישן; אין עמוד נפרד לכל קבוצה באתר החדש
/forum/groups/w-music/,page,מורי מוזיקה,/forum-workgroups.html,mapped-section,קבוצת עבודה באתר הישן; אין עמוד נפרד לכל קבוצה באתר החדש
/forum/groups/w-sport/,page,חנ&quot;ג ובוטמר,/forum-workgroups.html,mapped-section,קבוצת עבודה באתר הישן; אין עמוד נפרד לכל קבוצה באתר החדש
/forum/groups/w-support/,page,מורי הוראה תומכת / תרפיות,/forum-workgroups.html,mapped-section,קבוצת עבודה באתר הישן; אין עמוד נפרד לכל קבוצה באתר החדש
/forum/groups/w-testing/,page,מובילי קבוצות,/forum-workgroups.html,mapped-section,קבוצת עבודה באתר הישן; אין עמוד נפרד לכל קבוצה באתר החדש
/forum/groups/waldorf-il-mng/,page,מנהלי בתי ספר,/forum-workgroups.html,mapped-section,קבוצת עבודה באתר הישן; אין עמוד נפרד לכל קבוצה באתר החדש
/forum/אפיונים-מרכזיים-של-בית-ספר-ולדורף/,page,אפיונים מרכזיים של בית ספר ולדורף,/waldorf-characteristics.html,mapped,
/forum/כנסים-והשתלמויות/,page,לוח ארועים &#8211; כנסים והשתלמויות,/events.html,mapped,
/forum/נציגי-הפורום/,page,נציגי הפורום,/forum-roles.html,mapped,
/אתר-הפורום-הארצי/,page,על אתר חינוך ולדורף בישראל,/home.html,mapped,
/בית-הספר/,page,בית הספר,/school.html,mapped,
/בית-הספר/אמות-המידה-לבתי-ספר-ולדורף/,page,אמות המידה לבתי ספר ולדורף,/waldorf-characteristics.html,mapped,
/בית-הספר/אמות-מידה-גרסה-ישנה/,page,אמות מידה (גרסה ישנה),/waldorf-characteristics.html,mapped,
/בית-הספר/דרכי-הערכה/,page,דרכי הערכה,/school.html,mapped,
/בית-הספר/האמנות/,page,האמנות,/curriculum.html,mapped,
/בית-הספר/התפתחותו-של-הילד-בגיל-בית-הספר-היסודי/,page,התפתחותו של הילד בגיל בית הספר היסודי,/school.html,mapped,
/בית-הספר/התפתחותו-של-הילד-בגיל-ההתבגרות/,page,התפתחותו של הילד בגיל ההתבגרות,/school.html,mapped,
/בית-הספר/מחברות-התקופה/,page,מחברות התקופה,/school.html,mapped,
/בית-הספר/ניהול-משותף-של-בית-הספר/,page,ניהול משותף של בית-הספר,/school.html,mapped,
/בית-הספר/ניהול-משותף-של-בית-הספר/ניהול-במנדטים/,page,ניהול במנדטים,/school.html,mapped,
/בית-הספר/סדר-היום-והלימוד-בתקופות/,page,סדר היום והלימוד בתקופות,/school.html,mapped,
/בית-הספר/רשימת-בתי-ספר/,page,רשימת בתי ספר ולדורף בישראל,/school-list.html,mapped,
/גן-הילדים/,page,גן הילדים,/kinder.html,mapped,
/גן-הילדים/התפתחותו-של-הילד-בגיל-הגן/,page,התפתחותו של הילד בגיל הגן,/kinder.html,mapped,
/גן-הילדים/מעגל-הגנים-הארצי/,page,מעגל הגנים הארצי,/kinder-circle.html,mapped,
/גן-הילדים/רשימת-גני-ולדורף/,page,רשימת גני ולדורף בישראל,/kinder-list.html,mapped,
/גן-הילדים/תוכנית-הלימודים-לגיל-הרך-2/,page,תוכנית הלימודים לגיל הרך,/kinder.html,mapped,
/הספר-חינוך-ולדורף-עקרונות-ויישומים/,page,הספר &quot;חינוך ולדורף – עקרונות ויישומים&quot;,/content-library.html,mapped,
/יסודות-חינוך-ולדורף/,page,יסודות חינוך ולדורף,/waldorf-foundations.html,mapped,
/יסודות-חינוך-ולדורף/דרכו-הפנימית-של-המורה-או-חנוך-לנער-לפי/,page,דרכו הפנימית של המורה או &quot;חנוך לנער לפי דרכו&quot;,/content-library.html,mapped,
/יסודות-חינוך-ולדורף/הכשרת-גננים-ומורים/,page,הכשרת גננים ומורים,/teacher-training.html,mapped,
/יסודות-חינוך-ולדורף/הרקע-ההיסטורי-להקמת-חינוך-ולדורף/,page,הרקע ההיסטורי של חינוך ולדורף,/waldorf-foundations.html,mapped,
/יסודות-חינוך-ולדורף/התפתחות-לימודי-השירה-והמוזיקה-בבית-ספ/,page,התפתחות לימודי השירה והמוזיקה בבית ספר ולדורף ומשמעותם לחינוך ולהוראה,/curriculum-music.html,mapped,
/יסודות-חינוך-ולדורף/חינוך-ולדורף-בישראל/,page,חינוך ולדורף בישראל,/waldorf-foundations.html,mapped,
/יסודות-חינוך-ולדורף/חינוך-ולדורף-ואתגרי-הזמן/,page,חינוך ולדורף ואתגרי הזמן,/waldorf-foundations.html,mapped,
/יסודות-חינוך-ולדורף/מאפיינים-מתודיים-ייחודיים-לחינוך-ולד/,page,מאפיינים מתודיים ייחודיים לחינוך ולדורף,/waldorf-characteristics.html,mapped,
/יסודות-חינוך-ולדורף/מהותו-של-בית-ספר-ולדורף/,page,מהותו של חינוך ולדורף,/waldorf-foundations.html,mapped,
/יסודות-חינוך-ולדורף/מעורבות-הורים/,page,מעורבות הורים,/waldorf-foundations.html,mapped,
/יסודות-חינוך-ולדורף/על-סינתזה-ואנליזה-בהוראת-המתמטיקה-בחט/,page,על סינתזה ואנליזה בהוראת המתמטיקה בחטיבת הביניים,/curriculum-math.html,mapped,
/יסודות-חינוך-ולדורף/שאלות-ותשובות-על-חינוך-ולדורף/,page,22 שאלות ותשובות על חינוך ולדורף,/waldorf-foundations.html,mapped,
/מכתב-לבתי-הספר/,page,מכתב לבתי הספר,/news.html,mapped,
/פורום-אנתרופוסופיה-בישראל/,page,פורום אנתרופוסופיה בישראל,/links.html,mapped,
/צרו-קשר/,page,צרו קשר,/contact.html,mapped,
/קישורים/,page,קישורים,/links.html,mapped,
/תוכניות-לימודים/,page,תוכניות לימודים,/curriculum.html,mapped,
/תוכניות-לימודים/מלאכות-ואמנויות-בית-ספר-תיכון/,page,מלאכות ואמנויות – בית ספר תיכון,/curriculum-crafts.html,mapped,
/תוכניות-לימודים/ערבית/,page,ערבית,/curriculum-languages.html,mapped,
/תוכניות-לימודים/תוכנית-הלימודים-בתיכון/,page,תוכנית הלימודים בתיכון,/curriculum.html,mapped,
/תוכניות-לימודים/תכנית-הלימודים-של-בית-הספר-היסודי/,page,תוכנית הלימודים של בית הספר היסודי,/curriculum.html,mapped,
/calendar/1789/,calendar,לוח שנה,/events.html,review,עמוד לוח השנה היחיד באתר הישן; לבדוק מה הוא מכיל
/category/bells/,category,פעמונים,/content-library.html,review,קטגוריה באתר הישן (1 פריטים)
/category/mng/,category,פורום מנהלים,/forum-workgroups.html,mapped-section,קטגוריה באתר הישן (1 פריטים)
/category/pr/,category,מודעות ופרסומים,/news.html,mapped-section,קטגוריה באתר הישן (155 פריטים)
/category/uncategorized/,category,uncategorized,/news.html,review,קטגוריה באתר הישן (2 פריטים)
/category/waldorfbook/,category,חינוך ולדורף – עקרונות ויישומים (הספר),/content-library.html,mapped-section,קטגוריה באתר הישן (14 פריטים)
/category/אגרת/,category,אגרת - חינוך ולדורף בישראל,/forum-newsletter.html,mapped-section,קטגוריה באתר הישן (3 פריטים)
/category/אדם-ואדמה/,category,אדם ואדמה,/curriculum-gardening.html,mapped,קטגוריה באתר הישן (4 פריטים)
/category/אוריתמיה/,category,אוריתמיה,/curriculum-eurythmy.html,mapped,קטגוריה באתר הישן (3 פריטים)
/category/אמנות-הדיבור/,category,אמנות הדיבור,/curriculum-drama.html,mapped,קטגוריה באתר הישן (5 פריטים)
/category/אמנות-ציור/,category,אמנות - ציור,/curriculum-painting.html,mapped,קטגוריה באתר הישן (3 פריטים)
/category/אמנות-רישום-רישום-צורות-גרפיקה/,category,"אמנות - רישום, רישום צורות, גרפיקה",/curriculum-form-drawing.html,mapped,קטגוריה באתר הישן (3 פריטים)
/category/אנגלית/,category,אנגלית,/curriculum-languages.html,mapped,קטגוריה באתר הישן (1 פריטים)
/category/בוטמר-ומשחקים/,category,בוטמר ומשחקים,/curriculum-pe.html,mapped,קטגוריה באתר הישן (2 פריטים)
/category/גאוגרפיה/,category,גאוגרפיה,/curriculum-geography.html,mapped,קטגוריה באתר הישן (3 פריטים)
/category/היסטוריה/,category,היסטוריה,/curriculum-history.html,mapped,קטגוריה באתר הישן (4 פריטים)
/category/העמקה-מאמרים-ספרים-וקישורים-2/,category,"העמקה - מאמרים, ספרים וקישורים | גן הילדים",/kinder-articles.html,mapped,קטגוריה באתר הישן (0 פריטים)
/category/העמקה-מאמרים-ספרים-וקישורים-שאלות/,category,"העמקה - מאמרים, ספרים וקישורים |שאלות מתודיות",/content-library.html,mapped,קטגוריה באתר הישן (0 פריטים)
/category/העמקה-מאמרים-ספרים-וקישורים/,category,"העמקה - מאמרים, ספרים וקישורים | ניהול משותף",/content-library.html,mapped,קטגוריה באתר הישן (0 פריטים)
/category/חשבון/,category,חשבון ומתמטיקה,/curriculum-math.html,mapped,קטגוריה באתר הישן (4 פריטים)
/category/כימיה/,category,כימיה,/curriculum-science.html,mapped,קטגוריה באתר הישן (3 פריטים)
/category/מאמרים/,category,מאמרים,/content-library.html,mapped-section,קטגוריה באתר הישן (42 פריטים)
/category/מדעי-החיים/,category,מדעי החיים,/curriculum-science.html,mapped,קטגוריה באתר הישן (3 פריטים)
/category/מוזיקה/,category,מוזיקה,/curriculum-music.html,mapped,קטגוריה באתר הישן (3 פריטים)
/category/מלאכות-יד/,category,מלאכות יד,/curriculum-handwork.html,mapped,קטגוריה באתר הישן (5 פריטים)
/category/מפגש-פורום-ארצי-שאלת-האדם-בתרבות-הדיגי/,category,מפגש פורום ארצי: שאלת האדם בתרבות הדיגיטלית,/events.html,mapped-section,קטגוריה באתר הישן (2 פריטים)
/category/משאבים/,category,עבודות גמר,/curriculum-capstone.html,mapped-section,קטגוריה באתר הישן (51 פריטים)
/category/עברית-ולשון/,category,עברית ולשון,/curriculum-hebrew.html,mapped,קטגוריה באתר הישן (2 פריטים)
/category/ערבית/,category,ערבית,/curriculum-languages.html,mapped,קטגוריה באתר הישן (0 פריטים)
/category/פיזיקה/,category,פיזיקה,/curriculum-science.html,mapped,קטגוריה באתר הישן (2 פריטים)
/category/פרוטוקולים/,category,הפורום הארצי - הודעות,/news.html,mapped-section,קטגוריה באתר הישן (12 פריטים)
/category/תנך/,category,"תנ""ך",/curriculum-literature.html,mapped,קטגוריה באתר הישן (2 פריטים)
/program_category/חינוך-ולדורף-עקרונות-ויישומים-הספר/,category,חינוך ולדורף עקרונות ויישומים (הספר),/content-library.html,mapped,program_category
/program_category/מבוא/,category,מבוא,/curriculum.html,mapped,program_category
/program_category/רשימת-ספרות-מומלצת/,category,רשימת ספרות מומלצת,/content-library.html,mapped,program_category
/program_category/תוכנית-הלימודים-לבית-ספר-יסודי/,category,תוכנית הלימודים לבית ספר יסודי,/curriculum.html,mapped,program_category
/program_category/תוכנית-הלימודים-לבית-ספר-תיכון/,category,תוכנית הלימודים לבית ספר תיכון,/curriculum.html,mapped,program_category
/1/,post,שודרג אתר חינוך ולדורף בישראל,/forum-newsletter.html,mapped-section,2015-08-12 · אגרת - חינוך ולדורף בישראל
/12-החושים-וטיפוחם-בחינוך-ולדורף/,post,12 החושים וטיפוחם בחינוך ולדורף,/news.html,mapped-section,2025-11-18 · מודעות ופרסומים
/2020-martyn-rawson/,post,למידה מרחוק מתוך השקפת חינוך וולדורף  | מרטין רואוסון,/content-library.html,mapped-section,2020-04-06 · מאמרים
/22-שאלות-ותשובות-על-חינוך-ולדורף-גלעד-גו/,post,22 שאלות ותשובות על חינוך ולדורף | גלעד גולדשמידט,/content-library.html,mapped-section,2018-07-08 · מאמרים
/ah-technology/,post,"Ah, technology ;)",/news.html,mapped-section,2016-02-12 · מודעות ופרסומים
/bal-a-vis-x/,post,סדנת Bal-a-vis-x באפריל 2019,/news.html,mapped-section,2018-12-14 · מודעות ופרסומים
/extra/,post,קורס להוראה תומכת Extra Lesson ייפתח באוקטובר 2018,/news.html,mapped-section,2018-06-06 · מודעות ופרסומים
/giora/,post,לאן נושבת הרוח? סוגיות ביישום אלמנטים מחינוך וולדורף בתלמוד תורה חרדי | גיורא אבידור,/curriculum-capstone.html,mapped-section,2022-04-19 · עבודות גמר
/harduf2018/,post,סמינר חינוך לגילאי התיכון &#8211; הרדוף: נפתחה ההרשמה לשנה&quot;ל תשע&quot;ט,/news.html,mapped-section,2018-06-09 · מודעות ופרסומים
/mng/,post,"תפקיד מנהל בית הספר, ניהול משותף, מנהיגות ואחריות בבית ספר ולדורף | רונן האן",/content-library.html,mapped-section,2020-04-23 · מאמרים
/music/,post,פנקו את הילדים ובכך תתמכו בעשיה וביצירה החדשה של 'מוסיקה אורגנית',/news.html,mapped-section,2017-07-11 · מודעות ופרסומים
/ora2017/,post,השתלמויות בחופשת סוכות בהנחיית אורה פין,/news.html,mapped-section,2017-08-01 · מודעות ופרסומים
/share-israel-ii-2016/,post,כנס הכלכלה השיתופית והמשתפת &#8211; Share Israel II 2016,/news.html,mapped-section,2016-12-05 · מודעות ופרסומים
/shelhalev/,post,שני ספרים חדשים מהוצאת &quot;סיפורי אמת-של-הלב&quot;: אף אחד בשום מקום מישהו איפשהו,/news.html,mapped-section,2017-03-22 · מודעות ופרסומים
/א-ב-של-ולדורף-לקט-מאמרים-להורים￼/,post,א-ב של ולדורף [לקט מאמרים להורים] | אדם עולם,/news.html,mapped-section,2022-03-02 · מודעות ופרסומים
/אגרת-לצוותי-הניהול/,post,אגרת לצוותי הניהול,/news.html,mapped-section,2020-03-15 · הפורום הארצי - הודעות
/אגרת-לקהילת-ולדורף-בעקבות-ההסכם-עם-משר/,post,אגרת לקהילת ולדורף &#8211; בעקבות ההסכם עם משרד החינוך,/news.html,mapped-section,2017-01-16 · מודעות ופרסומים
/אולימפיאדת-השלום-בהשראת-allinpeace/,post,אולימפיאדת ולדורף,/news.html,mapped-section,2024-11-10 · מודעות ופרסומים
/אומנות-איסלמית-בכיתה-ו-דוגמא-והתנסות/,post,אומנות איסלמית בכיתה ו' &#8211; דוגמא והתנסות בתהליך עיצובי בנושא אריחים איסלמים &#8211; יום ג' ה-13.8,/news.html,mapped-section,2019-07-10 · מודעות ופרסומים
/אומנות-בחינוך-ולדורף-שרה-חדד/,post,אומנות בחינוך ולדורף | שרה חדד,/news.html,review,2018-11-26 · uncategorized
/אומנות-הדיבור-מבוא/,post,אמנות הדיבור &#8211; מבוא,/curriculum-drama.html,mapped-section,2015-04-10 · אמנות הדיבור
/אומנות-הושבת-התלמידים-בכיתה/,post,אומנות הושבת התלמידים בכיתה,/content-library.html,mapped-section,2026-08-11 · מאמרים
/אחריות-אישית-ממושג-פילוסופי-לפרקטיקה/,post,אחריות אישית: ממושג פילוסופי לפרקטיקה חינוכית ואזרחית,/content-library.html,mapped-section,2026-04-04 · מאמרים
/אידיאל-המחנך-ל-8-שנים-בחינוך-ולדורף-פוגש/,post,אידיאל המחנך ל-8 שנים בחינוך ולדורף פוגש את המציאות,/content-library.html,mapped-section,2026-03-19 · מאמרים
/איך-אני-נושם-שאיפה-ונשיפה-ככוח-חיים/,post,איך אני נושם? שאיפה ונשיפה ככוח חיים,/news.html,mapped-section,2018-04-15 · מודעות ופרסומים
/איך-לקבל-החלטת-גורל-ירון-זנבל/,post,איך לקבל החלטת גורל | ירון זנבל,/content-library.html,mapped-section,2025-10-02 · מאמרים
/איך-נולדת-תקופה/,post,איך נולדת תקופה?,/content-library.html,mapped-section,2026-07-22 · מאמרים / מודעות ופרסומים
/אמנות-החינוך-ומלאכת-החיים-חשיבותה-ומש/,post,אמנות החינוך ומלאכת החיים: חשיבותה ומשמעותה של האמנות בחינוך ולדורף | נגה הראל,/curriculum-capstone.html,mapped-section,2021-10-18 · עבודות גמר
/אסופת-קישורים-בנושא-החופש-הגדול/,post,אסופת קישורים בנושא החופש הגדול,/news.html,mapped-section,2026-07-20 · מודעות ופרסומים
/אסופת-קישורים-לקראת-החוש-הגדול/,post,אסופת קישורים לקראת החופש הגדול | ירון זנבל,/news.html,mapped-section,2023-06-09 · מודעות ופרסומים
/אספקטים-ומטרות-כלליים/,post,אספקטים ומטרות כלליים בתיכון,/curriculum-eurythmy.html,mapped-section,2015-03-26 · אוריתמיה
/אפיון-וניתוח-התרבות-הארגונית-בבית-ספר/,post,אפיון וניתוח התרבות הארגונית בבית ספר ולדורף | אסף אשל,/curriculum-capstone.html,mapped-section,2021-01-24 · עבודות גמר
/ארץ-יצורי-הפרא-הצגת-כיתה-ו/,post,ארץ יצורי הפרא | הצגת כיתה ו',/news.html,mapped-section,2026-03-02 · מודעות ופרסומים
/בוגרים/,post,רוצה לעבוד בחינוך ועדיין לא מצאת את המקום הנכון? הזמנה לבוגרי חינוך ולדורף,/news.html,mapped-section,2018-03-04 · מודעות ופרסומים
/בוטמר-ועבודת-מקלות/,post,בוטמר ועבודת מקלות,/curriculum-pe.html,mapped-section,2024-11-10 · בוטמר ומשחקים
/ביודינאמית/,post,סופ&quot;ש חקלאות ביודינאמית &#8211; 05-06/1/2018,/news.html,mapped-section,2017-12-12 · מודעות ופרסומים
/בין-המוביל-לבין-המאסף-טמפרמנט-המחנך-כמ/,post,בין המוביל לבין המאסף: טמפרמנט המחנך כמפת דרכים חינוכית,/content-library.html,mapped-section,2026-01-02 · מאמרים
/בינה-מלאכותית-בשירות-חינוך-ולדורף-נתי/,post,בינה מלאכותית בשירות חינוך ולדורף: נתיב לשימוש מושכל,/content-library.html,mapped-section,2025-10-24 · מאמרים
/בית-ספר-עודד-הזמנה-לכנס-עמלנות-בחינו/,post,בית ספר עודד – הזמנה לכנס עמלנות בחינוך – 27 בדצמבר 2016,/news.html,mapped-section,2016-11-20 · מודעות ופרסומים
/בית_אורי_2018/,post,יריד בית אורי בתל אביב &#8211; שישי הקרוב 9.3,/news.html,mapped-section,2018-03-06 · מודעות ופרסומים
/ברוכים-הבאים/,post,ברוכים הבאים,/forum-workgroups.html,mapped-section,2016-01-04 · פורום מנהלים
/בשלות-לכיתה-א-מישל-איבל/,post,בשלות לכיתה א' | מישל איבל,/curriculum-capstone.html,mapped-section,2022-11-16 · עבודות גמר
/גאוגרפיה-בביס-יסודי/,post,גאוגרפיה בבית הספר היסודי,/curriculum-geography.html,mapped-section,2015-03-26 · גאוגרפיה
/גאוגרפיה-בביס-תיכון/,post,גאוגרפיה בבית הספר התיכון,/curriculum-geography.html,mapped-section,2015-03-26 · גאוגרפיה
/גילוי-הקול/,post,כנס האביב של הדרך לגילוי הקול בשבת ה-8.4.17,/news.html,mapped-section,2017-03-22 · מודעות ופרסומים
/גם-שפה-עשירה-וגם-אנטרופוסופית-השתלמות/,post,גם (שפה) עשירה וגם אנטרופוסופית! השתלמות בעבודת שפה בדרך הוולדורף בכיתות ג'-ד'-ה',/news.html,mapped-section,2019-09-15 · מודעות ופרסומים
/גרים/,post,הצגת ילדים: כאן גרים האחים גרים &#8211; מרץ 2018,/news.html,mapped-section,2018-02-18 · מודעות ופרסומים
/דרכו-הפנימית-של-המורה-או-חנוך-לנער-לפי/,post,דרכו הפנימית של המורה או &quot;חנוך לנער לפי דרכו&quot; | אורי עברי,/content-library.html,mapped-section,2018-07-08 · מאמרים
/דרכים-ליישום-החינוך-העמלני/,post, דרכים ליישום החינוך העמלני באמצעות עבודת אדמה | עמיר פרי,/curriculum-capstone.html,mapped-section,2018-11-22 · עבודות גמר
/האידאולוגיה-הרביעית-חינוך-ולדורף-ברא/,post,האידאולוגיה הרביעית? &#8211; חינוך ולדורף בראי שלוש אידאולוגיות העל | מי-טל רחמני,/curriculum-capstone.html,mapped-section,2019-10-02 · עבודות גמר
/האם-וכיצד-נותן-חינוך-וולדרוף-מענה-לילד/,post,האם וכיצד נותן חינוך וולדרוף מענה לילדים אשר חוו טראומה בילדותם? | עידן יהב,/curriculum-capstone.html,mapped-section,2018-07-09 · עבודות גמר
/האם-וכיצד-עקרונות-יסוד-מתוך-הפסיכולוג/,post,האם  וכיצד עקרונות יסוד מתוך הפסיכולוגיה החיובית באים לידי ביטוי בחינוך וולדורף בשביעון השני | יובל קפל,/curriculum-capstone.html,mapped-section,2019-03-16 · עבודות גמר
/האם-תכנית-הלימודים-במדעים-בכיתות-ו-ז-ח/,post,האם תכנית הלימודים במדעים בכיתות ו' ז' ח' בבתי ספר ולדורף הולמת את התפתחות הילד? ואם כן כיצד? | תום נוימן,/curriculum-capstone.html,mapped-section,2019-07-28 · עבודות גמר
/האמן-ומרגריטה/,post,כיתה י&quot;ב תיכון אדם ירושלים מעלה: האמן ומרגריטה &#8211;  1-3.1.2019,/news.html,mapped-section,2018-12-22 · מודעות ופרסומים
/האריה-המכשפה-וארון-הבגדים/,post,"האריה,המכשפה וארון הבגדים &#8211; הצגת סיום של בוגרי מכללת דוד-ילין",/news.html,mapped-section,2018-03-09 · מודעות ופרסומים
/הגן-כסביבה-מרפאה-הזמנה-לכנס-הסתיו-של-מ/,post,&quot;הגן כסביבה מרפאה&quot; &#8211; הזמנה לכנס הסתיו של מעגל הגנים הארצי,/news.html,mapped-section,2016-10-15 · מודעות ופרסומים
/הומור-בחינוך-האנתרופוסופי-שרה-מלכה/,post,הומור בחינוך האנתרופוסופי | שרה מלכה,/curriculum-capstone.html,mapped-section,2020-03-08 · עבודות גמר
/הומור-וחינוך-ולדורף-ליאת-אדלר/,post,הומור וחינוך ולדורף | ליאת אדלר,/curriculum-capstone.html,mapped-section,2019-10-22 · עבודות גמר
/הוראת-המוזיקה-בשנים-הראשונות-בבית-ספר/,post,הוראת המוזיקה בשנים הראשונות בבית ספר ולדורף | מוטי עמיר,/curriculum-capstone.html,mapped-section,2018-08-27 · עבודות גמר
/הורות-בראי-האמפתיה/,post,הורות בראי האמפתיה &#8211; סדנה בהנחיית יהודה תגר 15.12.2018,/news.html,mapped-section,2018-11-11 · מודעות ופרסומים
/הזמנה-להופעת-אוריתמיה-הסערה/,post,הזמנה להופעת אוריתמיה &#8211; &quot;הסערה&quot;,/news.html,mapped-section,2017-05-14 · מודעות ופרסומים
/הזמנה-למפגש-פורום-ארצי-25-2-19/,post,הזמנה למפגש פורום ארצי 25.2.19 &#8211; שאלת האדם בתרבות  הדיגיטלית,/events.html,mapped-section,2019-01-28 · מפגש פורום ארצי: שאלת האדם בתרבות הדיגיטלית
/הזמנה-לתרפיסטים-יו/,post,הזמנה לתרפיסטים ותרפיסטיות,/events.html,mapped-section,2019-01-28 · מפגש פורום ארצי: שאלת האדם בתרבות הדיגיטלית
/היסטוריה-מהגן-ועד-כיתה-ה/,post,היסטוריה: מהגן ועד כיתה ה',/curriculum-history.html,mapped-section,2015-03-26 · היסטוריה
/היסטוריה-מכיתה-ה-ועד-כיתה-ח/,post,היסטוריה מכיתה ה' ועד כיתה ח',/curriculum-history.html,mapped-section,2015-03-26 · היסטוריה
/הכוכבים-במסילותיהם-השתלמות-באסטרונו-2/,post,הכוכבים במסילותיהם &#8211; השתלמות באסטרונומיה לכיתה ו' ו ז' &#8211; 3 במאי 2018,/news.html,mapped-section,2018-04-13 · מודעות ופרסומים
/הכוכבים-במסילותיהם-השתלמות-באסטרונו/,post,הכוכבים במסילותיהם &#8211; השתלמות באסטרונומיה🌠 22.3.2018,/news.html,mapped-section,2018-02-08 · מודעות ופרסומים
/הכוכבים_במסילותיהם/,post,"מלמדים בכיתות א-ו, ותקופת אסטרונומיה רחוקה מכם שנות אור? ",/news.html,mapped-section,2018-03-18 · מודעות ופרסומים
/הכיתה-כמרחב-להתחנכות-אורי-עברי/,post,הכיתה כמרחב להתחנכות | אורי עברי,/content-library.html,mapped-section,2020-03-15 · מאמרים
/הכשרה-למורים-לתיכון-ברוח-חינוך-ולדורף/,post,הכשרה למורים לתיכון ברוח חינוך ולדורף,/news.html,mapped-section,2016-04-28 · מודעות ופרסומים
/הכשרות-מקצועיות-במרכז-אורים/,post,הכשרות מקצועיות במרכז אורים ,/news.html,mapped-section,2018-09-18 · מודעות ופרסומים
/הכשרת-אוריתמיה-בבית-ספר-הוורד-בהרדוף/,post,הכשרת אוריתמיה בבית ספר הוורד בהרדוף,/news.html,mapped-section,2020-06-03 · מודעות ופרסומים
/הכשרת-הוראה-תומכת-extra-lesson/,post,הכשרת הוראה תומכת Extra Lesson,/news.html,mapped-section,2016-02-14 · מודעות ופרסומים
/הכשרת-מורי-אנגלית/,post,קורס הכשרה להוראת אנגלית בדרך הוולדורף | אורה פין,/news.html,mapped-section,2018-08-08 · מודעות ופרסומים
/הכשרת-מלווים-לבתי-ספר-וולדורף/,post,הכשרת מלווים לבתי ספר וולדורף,/news.html,mapped-section,2018-07-07 · מודעות ופרסומים
/המהפכה-של-גיל-הנעורים-והמענה-של-חינוך-ו/,post,המהפכה של גיל הנעורים והמענה של חינוך ולדורף,/content-library.html,mapped-section,2026-01-19 · מאמרים
/המחזור-הרביעי-בקורס-הביודינאמי/,post,המחזור הרביעי בקורס הביודינאמי,/news.html,mapped-section,2017-06-18 · מודעות ופרסומים
/המילה-כפעימה-ריתמית/,post,המילה כפעימה-ריתמית – &quot;לב הילדות&quot;: כיתות ד'-ה',/curriculum-drama.html,mapped-section,2015-04-10 · אמנות הדיבור
/המילה-כתמונה/,post,המילה כתמונה &#8211; שלוש השנים הראשונות: כיתות א'-ג',/curriculum-drama.html,mapped-section,2015-04-10 · אמנות הדיבור
/המלה-כמחווה/,post,המלה כמחווה &#8211; שלוש השנים האחרונות: כיתות ו' – ח',/curriculum-drama.html,mapped-section,2015-04-10 · אמנות הדיבור
/המסע-המחנך-טיולים-בחינוך-ולדורף/,post,המסע המחנך: טיולים בחינוך ולדורף,/content-library.html,mapped-section,2025-11-13 · מאמרים
/המעגל-בבית-הספר-היסודי-שירה-פז/,post,המעגל בבית הספר היסודי | שירה פז,/curriculum-capstone.html,mapped-section,2022-10-18 · עבודות גמר
/המעגל-בחינוך-ולדורף/,post,המעגל בחינוך ולדורף | ירון זנבל,/content-library.html,mapped-section,2022-07-19 · מאמרים
/הסכם-היסטורי-בין-החינוך-האנתרופוסופי/,post,הסכם היסטורי בין החינוך האנתרופוסופי ומשרד החינוך:,/news.html,mapped-section,2017-01-11 · מודעות ופרסומים
/העקרונות-הפדגוגיים-של-החינוך-האנתרופ/,post,העקרונות הפדגוגיים של החינוך האנתרופוסופי בגיל הרך | כרמי ינון,/curriculum-capstone.html,mapped-section,2021-12-07 · עבודות גמר
/הערכה-מילולית-בטווחים-מודדים-את-בריאו/,post,הערכה מילולית בטווחים: מודדים את בריאות הלמידה,/content-library.html,mapped-section,2025-12-17 · מאמרים
/הפוך-גוטה-הפוך-ירון-זנבל/,post,הפוך גוטה. הפוך | ירון זנבל,/content-library.html,mapped-section,2025-01-11 · מאמרים
/הפורום-הארצי-וקהילת-ולדורף-משתתפים-בצ/,post,הפורום הארצי וקהילת ולדורף משתתפים בצער משפחת פז על מותו הפתאומי של איתי פז ז&quot;ל,/news.html,mapped-section,2019-11-08 · מודעות ופרסומים
/הצגת-כיתה-ו-אלומות-הקוסם-מארץ-עוץ-24-5-2017/,post,הצגת כיתה ו אלומות: &quot;הקוסם מארץ עוץ&quot; 24.5.2017,/news.html,mapped-section,2017-05-18 · מודעות ופרסומים
/הצגת-סיום-יב-זומר-ציד-המכשפות-24-26-12/,post,הצגת סיום י&quot;ב זומר: ציד המכשפות 24-26.12,/news.html,mapped-section,2018-12-19 · מודעות ופרסומים
/הצגת-סיום-יב-טבעון-כל-המשפחות/,post,הצגת סיום י&quot;ב טבעון: כל המשפחות 27-29.12,/news.html,mapped-section,2018-12-19 · מודעות ופרסומים
/הצעות-תוכן-ביסודי/,post,הצעות תוכן ביסודי,/curriculum-gardening.html,mapped-section,2015-03-26 · אדם ואדמה
/הצעות-תוכן-בתיכון/,post,הצעות תוכן בתיכון,/curriculum-gardening.html,mapped-section,2015-03-26 · אדם ואדמה
/הקולגיום-רונן-האן/,post,הקולגיום | רונן האן,/content-library.html,mapped-section,2018-10-09 · מאמרים
/הקניית-כתיבה-וקריאה-בבית-ספר-ולדורף-זה/,post,הקניית כתיבה וקריאה בבית ספר ולדורף | זהר פלג,/curriculum-capstone.html,mapped-section,2019-12-04 · עבודות גמר
/הקשר-בין-חינוך-ולדורף-ובין-שהיה-בטבע-ש/,post,הקשר בין חינוך ולדורף ובין שהיה בטבע | שגית סגל,/curriculum-capstone.html,mapped-section,2022-06-05 · עבודות גמר
/הרצאה-דחפי-הגורל-בילדותו-ונעוריו-של-רו/,post,הרצאה: דחפי הגורל בילדותו ונעוריו של רודולף שטיינר 30.10,/news.html,mapped-section,2018-10-15 · מודעות ופרסומים
/הרצאה-האבות-אברהם-יצחק-ויעקב/,post,הרצאה: האבות &#8211; אברהם יצחק ויעקב,/news.html,mapped-section,2016-02-16 · מודעות ופרסומים
/השביעון-של-היופי-עבודה-אמנותית-ועיצוב/,post,השביעון של היופי &#8211; עבודה אמנותית ועיצוב מחברת בכיתות ה´-ח´,/news.html,mapped-section,2019-07-06 · מודעות ופרסומים
/השילוב-בין-אינטואיציות-המחנך-ובין-יכו/,post,השילוב בין אינטואיציות המחנך ובין יכולות AI בליהוק הצגות כיתה | ירון זנבל,/content-library.html,mapped-section,2025-10-18 · מאמרים
/השתלמות-במנהיגות-וניהול-בבתי-ספר/,post,השתלמות במנהיגות וניהול בבתי ספר,/news.html,mapped-section,2016-09-10 · מודעות ופרסומים
/השתלמות-הקיץ-של-מורי-ולדורף/,post,השתלמות הקיץ של מורי ולדורף,/news.html,mapped-section,2016-05-16 · מודעות ופרסומים
/התאמות-בחינוך-ולדורף-השוואה-בין-מאפיי/,post,התאמות בחינוך ולדורף &#8211; השוואה בין מאפייני חינוך ולדורף חילוני לבין דתי יהודי | ענת עציץ,/curriculum-capstone.html,mapped-section,2018-09-27 · עבודות גמר
/התבוננות-בילד-פרקטיקה-של-הכרה-וריפוי/,post,התבוננות בילד: פרקטיקה של הכרה וריפוי,/content-library.html,mapped-section,2025-11-11 · מאמרים
/התייחסות-לשואה-וליום-הזכרון-בחינוך-ול/,post,התייחסות לשואה וליום הזכרון בחינוך ולדורף,/news.html,mapped-section,2023-04-13 · מודעות ופרסומים
/התפרסם-כתב-העת-המקוון-במעגלי-חינוך-המ/,post,התפרסם כתב העת המקוון &quot;במעגלי חינוך&quot;,/news.html,mapped-section,2021-01-04 · מודעות ופרסומים
/התפתחות-לימודי-השירה-והמוזיקה-בבית-ספ/,post,התפתחות לימודי השירה והמוזיקה בבית ספר ולדורף ומשמעותם לחינוך ולהוראה | מור גולדשמידט,/curriculum-capstone.html,mapped-section,2018-07-08 · עבודות גמר
/התפתחות-פיזית-ונפשית-בשלושת-השביעוני/,post,התפתחות פיזית ונפשית בשלושת השביעונים הראשונים | ירון זנבל,/content-library.html,mapped-section,2025-07-07 · מאמרים
/זה-היה-בחברות-מדריך-למחנך-להתמודדות-עם/,post,זה היה בחברות &#8211; מדריך למחנך להתמודדות עם אלימות ומשחקי נערים בגיל המצווה,/content-library.html,mapped-section,2026-06-27 · מאמרים
/זו-לא-התורה-כולה-חינוך-ולדורף-ויהדות-א/,post,זו לא התורה כולה &#8211; חינוך ולדורף ויהדות | אילה שני,/content-library.html,mapped-section,2018-10-02 · מאמרים
/חג-שבועות/,post,אסופת קישורים לקראת חג שבועות,/news.html,mapped-section,2023-05-19 · מודעות ופרסומים
/חינוך-אנתרופוסופי-גלעד-גולדשמידט/,post,ספר חדש של גלעד גולדשמידט: חינוך אנתרופוסופי,/news.html,mapped-section,2019-11-15 · מודעות ופרסומים
/חינוך-הילד-לאור-מדע-הרוח/,post,חינוך הילד לאור מדע הרוח,/news.html,mapped-section,2026-02-10 · מודעות ופרסומים
/חינוך-וולדורף-כפלטפורמה-לשימור-הזמר-ה/,post,חינוך וולדורף כפלטפורמה לשימור הזמר העברי המוקדם | חנה טל אליאן,/curriculum-capstone.html,mapped-section,2023-04-05 · עבודות גמר
/חינוך-ולדורף-ואתגרי-הזמן-אורי-עברי/,post,חינוך ולדורף ואתגרי הזמן | אורי עברי,/content-library.html,mapped-section,2018-07-08 · מאמרים
/חינוך-ולדורף-וחינוך-יהודי-הילכו-שני/,post,חינוך ולדורף וחינוך יהודי – &quot;הילכו שניהם יחדיו?&quot; | ינון קמון,/curriculum-capstone.html,mapped-section,2018-07-10 · עבודות גמר
/חינוך-ולדורף-כחינוך-הומניסטי-גל-אשל/,post,חינוך ולדורף כחינוך הומניסטי | גל אשל,/curriculum-capstone.html,mapped-section,2019-08-12 · עבודות גמר
/חינוך-ולדורף-עקרונות-ויישומים-01/,post,א. מבוא,/content-library.html,mapped-section,2016-12-02 · חינוך ולדורף – עקרונות ויישומים (הספר)
/חינוך-ולדורף-עקרונות-ויישומים-02/,post,ב. יסודות חינוך ולדורף,/content-library.html,mapped-section,2016-12-02 · חינוך ולדורף – עקרונות ויישומים (הספר)
/חינוך-ולדורף-עקרונות-ויישומים-03/,post,ג. בתי-ספר ולדורף בארץ,/content-library.html,mapped-section,2016-12-02 · חינוך ולדורף – עקרונות ויישומים (הספר)
/חינוך-ולדורף-עקרונות-ויישומים-04/,post,ד. ניהול בית-הספר ועבודת המורים,/content-library.html,mapped-section,2016-12-02 · חינוך ולדורף – עקרונות ויישומים (הספר)
/חינוך-ולדורף-עקרונות-ויישומים-05/,post,ה. עבודה עם הורים – מעורבות הורים,/content-library.html,mapped-section,2016-12-02 · חינוך ולדורף – עקרונות ויישומים (הספר)
/חינוך-ולדורף-עקרונות-ויישומים-06/,post,ו. על כמה צדדים מעשיים,/content-library.html,mapped-section,2016-12-02 · חינוך ולדורף – עקרונות ויישומים (הספר)
/חינוך-ולדורף-עקרונות-ויישומים-07/,post,ז. מחיי הכיתה – כמה דוגמאות למתודות ההוראה,/content-library.html,mapped-section,2016-12-02 · חינוך ולדורף – עקרונות ויישומים (הספר)
/חינוך-ולדורף-עקרונות-ויישומים-08/,post,ח. סמכות וחופש – שאלת הדמוקרטיה בחינוך ולדורף,/content-library.html,mapped-section,2016-12-02 · חינוך ולדורף – עקרונות ויישומים (הספר)
/חינוך-ולדורף-עקרונות-ויישומים-09/,post,ט. הערכה בחינוך ולדורף,/content-library.html,mapped-section,2016-12-02 · חינוך ולדורף – עקרונות ויישומים (הספר)
/חינוך-ולדורף-עקרונות-ויישומים-10/,post,י. הכשרת המורים ברוח חינוך ולדורף – סמינר המורים,/content-library.html,mapped-section,2016-12-02 · חינוך ולדורף – עקרונות ויישומים (הספר)
/חינוך-ולדורף-עקרונות-ויישומים-11/,post,יא. כמה צדדים טכניים,/content-library.html,mapped-section,2016-12-02 · חינוך ולדורף – עקרונות ויישומים (הספר)
/חינוך-ולדורף-עקרונות-ויישומים-12/,post,יב. אנשים שונים אודות חינוך ולדורף,/content-library.html,mapped-section,2016-12-02 · חינוך ולדורף – עקרונות ויישומים (הספר)
/חינוך-ולדורף-עקרונות-ויישומים-13/,post,יג. מדברי תלמידים בתיכון ולדורף הרדוף על בית ספרם,/content-library.html,mapped-section,2016-12-02 · חינוך ולדורף – עקרונות ויישומים (הספר)
/חינוך-ולדורף-עקרונות-ויישומים-14/,post,יד. שירים ודקלומים מעבודות התלמידים,/content-library.html,mapped-section,2016-12-02 · חינוך ולדורף – עקרונות ויישומים (הספר)
/חינוך-ולדורף-עקרונות-ויישומים-הספר/,post,חינוך ולדורף – עקרונות ויישומים (הספר),/curriculum-capstone.html,mapped-section,2018-07-09 · עבודות גמר
/חינוך-לאורינות-מדיה-בחינוך-ולדורף/,post,חינוך לאורינות מדיה בחינוך ולדורף,/curriculum-capstone.html,mapped-section,2019-09-18 · עבודות גמר
/חינוך-מיני-בגישת-ולדורף-סתיו-אברהמי/,post,חינוך מיני בגישת ולדורף | סתיו אברהמי,/curriculum-capstone.html,mapped-section,2019-11-02 · עבודות גמר
/חינוך-מרפא-בכיתה-על-תכנית-ההכשרה/,post,חינוך מרפא בכיתה &#8211; על תכנית ההכשרה,/news.html,mapped-section,2019-02-19 · מודעות ופרסומים
/חינוך-מרפא-בכיתה-תכנית-פיתוח-מקצועי-תל/,post,"חינוך מרפא בכיתה &#8211; תכנית פיתוח מקצועי תלת-שנתית למורים, מחנכים ותרפיסטים",/news.html,mapped-section,2019-02-10 · מודעות ופרסומים
/חלום-חדש-פרוייקט-חינוך-לקיימות/,post,&quot;חלום חדש&quot; &#8211; פרוייקט חינוך לקיימות,/curriculum-gardening.html,mapped-section,2016-01-08 · אדם ואדמה
/חן-עתיד-מביט-על-הקורנה-ועל-דור-5/,post,חן עתיד מביט על הקורונה ועל דור 5,/content-library.html,mapped-section,2020-04-06 · מאמרים
/חשבון-בכיתות-ד-ה/,post,חשבון בכיתות ד'-ה',/curriculum-math.html,mapped-section,2015-04-26 · חשבון ומתמטיקה
/חשבון-בכיתות-ו-ח/,post,חשבון בכיתות ו'-ח',/curriculum-math.html,mapped-section,2015-04-26 · חשבון ומתמטיקה
/חשבון-כיתות-א-ג/,post,חשבון בכיתות א' &#8211; ג',/curriculum-math.html,mapped-section,2015-04-26 · חשבון ומתמטיקה
/חשבון-מבוא/,post,חשבון &#8211; מבוא,/curriculum-math.html,mapped-section,2015-04-26 · חשבון ומתמטיקה
/טאוגו/,post,"הרצאה 18.12.17: ההגיון של הלב ככלי תקשורת עם עצמי והסביבה, בתנאי עומס החיים",/news.html,mapped-section,2017-12-05 · מודעות ופרסומים
/טאוגו_טבעון/,post,הרצאה 14.12.17: עבודה עם כוחות הלב בעידן הטכנולוגי,/news.html,mapped-section,2017-12-07 · מודעות ופרסומים
/טירת-סוריה-מוריה-הצגת-ילדים-עפ-סיפורו/,post,"&quot;טירת סוריה מוריה&quot;, הצגת ילדים ע&quot;פ סיפורו של אסבירנסן ומואה",/news.html,mapped-section,2016-06-07 · מודעות ופרסומים
/יב1-שקד-שמחה-להזמינכם-למחזה-החטא-ועונ/,post,יב'1 שקד שמחה להזמינכם למחזה: &quot;החטא ועונשו&quot; 3-5.1.2019,/news.html,mapped-section,2018-12-27 · מודעות ופרסומים
/יוזמה-א/,post,יוזמה א,/content-library.html,review,2019-12-03 · פעמונים
/יום-היום-הזיכרון-לחללי-מערכות-ישראל-ול/,post,יום היום הזיכרון לחללי מערכות ישראל ולנפגעי פעולות האיבה,/news.html,mapped-section,2026-04-15 · מודעות ופרסומים
/יום-השתלמות-הערכה-ומשובים-בבתי-ספר/,post,יום השתלמות: הערכה ומשובים בבתי ספר,/news.html,mapped-section,2016-11-01 · מודעות ופרסומים
/ילדים-חסרי-מנוח-ספר-מאת-דר-מירון-ברק/,post,ילדים חסרי מנוח &#8211; ספר מאת ד&quot;ר מירון ברק,/news.html,mapped-section,2020-06-03 · מודעות ופרסומים
/ימי-מונדיאל-מה-בין-כדורגל-ובין-חינוך-ול/,post,ימי מונדיאל: מה בין כדורגל ובין חינוך ולדורף?,/content-library.html,mapped-section,2026-05-08 · מאמרים
/ימי-מונדיאל/,post,ימי מונדיאל | ירון זנבל,/news.html,mapped-section,2022-11-25 · מודעות ופרסומים
/ישיבת-פורום-ארצי-דליה-8-ליולי-2015/,post,"ישיבת פורום ארצי, דליה 8 ליולי 2015",/news.html,mapped-section,2015-08-16 · הפורום הארצי - הודעות
/כימיה-בביס-יסודי/,post,כימיה מגן ילדים עד כיתה ח',/curriculum-science.html,mapped-section,2015-03-26 · כימיה
/כימיה-מבוא/,post,כימיה &#8211; מבוא,/curriculum-science.html,mapped-section,2015-03-26 · כימיה
/כימיה-מכיתה-ט-עד-יב-בית-ספר-תיכון/,post,כימיה מכיתה ט' עד י&quot;ב (בית ספר תיכון),/curriculum-science.html,mapped-section,2015-03-26 · כימיה
/כיצד-באות-לידי-ביטוי-תפיסות-מקדמות-ברי/,post,כיצד באות לידי ביטוי תפיסות מקדמות בריאות בפרקטיקות הפדגוגיות היומיומיות של בתי ספר וולדורף?,/curriculum-capstone.html,mapped-section,2026-04-07 · עבודות גמר
/כיצד-לימודי-האומנות-הפלסטית-בתיכון-ול/,post,כיצד לימודי האומנות הפלסטית בתיכון ולדורף תומכים בהתפתחות הנוער? | עפרה קנה,/curriculum-capstone.html,mapped-section,2018-07-22 · עבודות גמר
/כיצד-מורים-בחינוך-ולדורף-מתמודדים-עם-ה/,post,כיצד מורים בחינוך ולדורף מתמודדים עם הפרעת קשב וריכוז בקרב ילדים בבית ספר יסודי | שקד אליאס,/curriculum-capstone.html,mapped-section,2021-01-11 · עבודות גמר
/כיצד-מתמודד-בוגר-בית-ספר-וולדורף-עם-החי/,post,כיצד מתמודד בוגר בית ספר וולדורף עם החיים הבוגרים שלאחר סיום בית הספר? |  ליה סילברברג,/curriculum-capstone.html,mapped-section,2021-01-26 · עבודות גמר
/כיצד-ערך-הפליאה-בא-לידי-ביטוי-בחינוך-ול/,post,כיצד ערך הפליאה בא לידי ביטוי בחינוך ולדורף בבית ספר יסודי? | יעל גלמונד מנדל,/curriculum-capstone.html,mapped-section,2025-06-19 · עבודות גמר
/כיצד-תומך-תהליך-ההצגה-בכיתה-י-בחינוך-ו/,post,כיצד תומך תהליך ההצגה בכיתה י' בחינוך ולדורף בהתפתחות הילד | זיו רייטר,/curriculum-capstone.html,mapped-section,2019-08-18 · עבודות גמר
/כיצד-תומכים-המבנים-שבהם-שוכנים-בתי-ספר/,post,כיצד תומכים המבנים שבהם שוכנים בתי ספר וגני וולדורף בפעילות החינוכית המתרחשת בתוכם? | עדי בלוכביץ,/curriculum-capstone.html,mapped-section,2018-07-09 · עבודות גמר
/כיצד-תומכת-תוכנית-הלימודים-ברישום-צור/,post,כיצד תומכת תוכנית הלימודים ברישום צורה בבית הספר היסודי את התפתחות הילד? | אומר אהרון,/curriculum-capstone.html,mapped-section,2020-11-03 · עבודות גמר
/כיתה-ח-מביס-שיבולים-מעלה-הצגה-בסופש-ה/,post,כיתה ח´ מבי&quot;ס שיבולים מעלה הצגה בסופ&quot;ש הקרוב &#8211; מוזמנים להגיע,/news.html,mapped-section,2017-05-16 · מודעות ופרסומים
/כיתה-ח-של-בית-חינוך-אלומות-מציגה-כנר-על/,post,"כיתה ח' של בית חינוך אלומות מציגה: &quot;כנר על הגג&quot;, 27/28 ביוני‎",/news.html,mapped-section,2016-06-08 · מודעות ופרסומים
/כיתה-י1-בתיכון-שקד-מציגה-סיפור-הפרברים/,post,כיתה י'1 בתיכון שקד מציגה: &quot;סיפור הפרברים&quot; 26-28.5.2017,/news.html,mapped-section,2017-05-18 · מודעות ופרסומים
/כנס-אונקולוגי-ב-25-26-10-2018/,post,כנס אונקולוגי ב-25-26/10/2018,/news.html,mapped-section,2018-09-02 · מודעות ופרסומים
/כנס-ארצי-טיפוח-הכוחות-המסייעים-למחנכו/,post,"כנס ארצי: טיפוח הכוחות המסייעים למחנכות ומחנכי הגיל הרך, 30.4.2016",/news.html,mapped-section,2016-03-28 · מודעות ופרסומים
/כנס-האביב-השנתי-של-הדרך-לגילוי-הקול-בה/,post,כנס האביב השנתי של &quot;הדרך לגילוי הקול&quot; בהשתתפות תומס אדם &#8211; 14-16 באפריל 2016,/news.html,mapped-section,2016-03-21 · מודעות ופרסומים
/כנס-חיים-משותפים-בחברת-דבורים-יום-ה-10-בי/,post,כנס חיים משותפים בחברת דבורים | יום ה 10 בינואר 2019,/news.html,mapped-section,2018-11-24 · מודעות ופרסומים
/כנס-כיצד-חינוך-ולדורף-יראה-בעתיד/,post,כנס: כיצד חינוך ולדורף יראה בעתיד?,/news.html,mapped-section,2017-01-22 · מודעות ופרסומים
/כנס-לירה-ארצי-קסם-של-צלילים-8-3-2019/,post,"כנס לירה ארצי &quot;קסם של צלילים&quot;, 8.3.2019",/news.html,mapped-section,2019-01-31 · מודעות ופרסומים
/כנס-מורים-לדיבור-ודרמה-בביהס-ולדורף-הי/,post,כנס מורים לדיבור ודרמה בביה&quot;ס ולדורף היסודיים /,/news.html,mapped-section,2017-09-05 · מודעות ופרסומים
/כנס-מחזות-המסתורין-חורף-2018/,post,כנס מחזות המסתורין חורף 2018,/news.html,mapped-section,2018-12-02 · מודעות ופרסומים
/כנס-תיכוני-ולדורף-החמישי-בישראל-סוכות/,post,כנס תיכוני ולדורף החמישי בישראל &#8211; סוכות 25-27.9,/news.html,mapped-section,2018-08-29 · מודעות ופרסומים
/להביא-את-האור-אל-המעגל-על-טמפרמנטים-וס/,post,להביא את האור אל המעגל &#8211; על טמפרמנטים וספירלת האור,/news.html,mapped-section,2025-12-12 · מודעות ופרסומים
/להגיע-לעכשיו-השתלמות-בעבודה-עם-אומנות/,post,"להגיע לעכשיו &#8211; השתלמות בעבודה עם אומנות מודרנית למורי אומנות של התיכון, יום שני ה-19.8",/news.html,mapped-section,2019-07-14 · מודעות ופרסומים
/לוח-זריעה-ושתילה-ביודינאמי-בעברית-לשנ/,post,לוח זריעה ושתילה ביודינאמי בעברית לשנת 2017,/news.html,mapped-section,2017-01-26 · מודעות ופרסומים
/לוח-שנת-הלימודים-תשעז/,post,לוח שנת הלימודים תשע&quot;ז,/news.html,mapped-section,2016-07-09 · מודעות ופרסומים
/לוח-שנת-הלימודים-תשעח/,post,לוח שנת הלימודים תשע&quot;ח,/news.html,mapped-section,2017-07-01 · מודעות ופרסומים
/לוח-שנת-הלימודים-תשעט/,post,לוח שנת הלימודים תשע&quot;ט,/news.html,mapped-section,2018-08-04 · מודעות ופרסומים
/לוח-שנת-הלימודים-תשפ/,post,לוח שנת הלימודים תש&quot;פ,/news.html,mapped-section,2019-07-07 · מודעות ופרסומים
/ליווי_יוזמות_2017/,post,אגרת: ליווי יוזמות ובתי ספר תשע&quot;ז 2016 -2017,/news.html,mapped-section,2017-08-08 · הפורום הארצי - הודעות
/לימודי-היסטוריה-בבית-הספר-התיכון/,post,לימודי היסטוריה בבית הספר התיכון,/curriculum-history.html,mapped-section,2015-03-26 · היסטוריה
/למידה-מרחוק-בעת-חירום-בחינוך-ולדורף-יר/,post,למידה מרחוק בעת חירום בחינוך ולדורף | ירון זנבל,/content-library.html,mapped-section,2026-02-28 · מאמרים
/לספר-סיפורים-בעפ-בחינוך-ולדורף-ירון-ז/,post,לספר סיפורים (בע&quot;פ) בחינוך ולדורף | ירון זנבל,/content-library.html,mapped-section,2022-02-11 · מאמרים / מודעות ופרסומים
/מאה-שנים-לחינוך-ולדורף/,post,מאה שנים לחינוך ולדורף,/news.html,mapped-section,2017-03-14 · מודעות ופרסומים
/מאמרים-באתרים-חיצוניים/,post,מאמרים באתרים חיצוניים,/content-library.html,mapped-section,2018-07-08 · מאמרים
/מבוא-אומנות-רישום/,post,מבוא,/curriculum-form-drawing.html,mapped-section,"2015-03-26 · אמנות - רישום, רישום צורות, גרפיקה"
/מבוא-היסטוריה/,post,היסטוריה &#8211; מבוא,/curriculum-history.html,mapped-section,2015-03-26 · היסטוריה
/מבוא-לגאוגרפיה/,post,גאוגרפיה &#8211; מבוא,/curriculum-geography.html,mapped-section,2015-03-26 · גאוגרפיה
/מבוא-למהותה-של-האוריתמיה/,post,מבוא למהותה של האוריתמיה,/curriculum-eurythmy.html,mapped-section,2015-03-26 · אוריתמיה
/מבוא/,post,מבוא לאמנות &#8211; ציור,/curriculum-painting.html,mapped-section,2015-03-26 · אמנות - ציור
/מבוטמר-לבוטמר/,post,מבוטמר לבוטמר!,/news.html,mapped-section,2016-02-16 · מודעות ופרסומים
/מבט-על-פלא-החברות-ארוכת-השנים/,post,מבט על פלא החברות ארוכת השנים,/content-library.html,mapped-section,2026-08-06 · מאמרים
/מבנה-ארגוני-חדש-לפורום-הארצי/,post,עדכון בנוגע למבנה ארגוני חדש לפורום הארצי‎,/news.html,mapped-section,2018-06-29 · הפורום הארצי - הודעות
/מדעי-החיים-בביס-יסודי/,post,מדעי החיים בבי&quot;ס יסודי,/curriculum-science.html,mapped-section,2015-03-26 · מדעי החיים
/מדעי-החיים-בביס-תיכון/,post,מדעי החיים בבי&quot;ס תיכון,/curriculum-science.html,mapped-section,2015-03-26 · מדעי החיים
/מדעי-החיים-מבוא/,post,מדעי החיים &#8211; מבוא,/curriculum-science.html,mapped-section,2015-03-26 · מדעי החיים
/מדריך-לכריכת-מחברות-תקופה-לספר-השנה-יר/,post,מדריך לכריכת מחברות תקופה לספר השנה | ירון זנבל,/content-library.html,mapped-section,2025-07-07 · מאמרים
/מה-בין-חינוך-ולדורף-לבין-החינוך-מבוסס/,post,מה בין חינוך ולדורף לבין החינוך 'מבוסס-טבע' בעבודת גן הילדים | אביב קידר,/curriculum-capstone.html,mapped-section,2018-11-11 · עבודות גמר
/מה-הטמפרמנט-שלי/,post,מה הטמפרמנט שלי?,/content-library.html,mapped-section,2026-01-26 · מאמרים / מודעות ופרסומים
/מה-הם-הטמפרמנטים-עפ-שטיינר-וכיצד-משתלב/,post,מה הם הטמפרמנטים ע&quot;פ שטיינר וכיצד הם משתלבים בעבודה החינוכית בחינוך ולדורף? | אור טימור-אזולאי,/curriculum-capstone.html,mapped-section,2022-10-09 · עבודות גמר
/מה-זאת-האנתרופוסופיה-הזאת-שכולם-מדברי/,post,מה  זאת האנתרופוסופיה הזאת שכולם מדברים עליה? ערב מבוא סמינר זומר,/news.html,mapped-section,2018-08-21 · מודעות ופרסומים
/מה-שליחותוה-של-איש-אשת-החינוך-הפועלת-ב/,post,מה שליחותו/ה של איש/ אשת החינוך הפועל/ת באזורי סכסוך ומצוקה?,/news.html,mapped-section,2016-02-01 · מודעות ופרסומים
/מהם-ארבעת-הטמפרמנטים-וכיצד-עובדים-אית/,post,מהם ארבעת הטמפרמנטים וכיצד עובדים איתם בבית ספר ולדורף? | חייקי לביא,/curriculum-capstone.html,mapped-section,2021-10-07 · עבודות גמר
/מוזיקה-בבית-הספר-היסודי/,post,מוזיקה בבית הספר היסודי,/curriculum-music.html,mapped-section,2015-03-26 · מוזיקה
/מוזיקה-בבית-הספר-התיכון/,post,מוזיקה בבית הספר התיכון,/curriculum-music.html,mapped-section,2015-03-26 · מוזיקה
/מוזיקה-מבוא/,post,מוזיקה &#8211; מבוא,/curriculum-music.html,mapped-section,2015-03-26 · מוזיקה
/מחזור-נוסף-של-סמינר-חינוך-לגילאי-התיכו/,post,מחזור נוסף של סמינר חינוך לגילאי התיכון,/news.html,mapped-section,2017-03-29 · מודעות ופרסומים
/מחזוריות-ומקצב-ככלי-לריפוי-סדנה-למטפל/,post,מחזוריות ומקצב ככלי לריפוי &#8211; סדנה למטפלים,/news.html,mapped-section,2018-04-15 · מודעות ופרסומים
/מימוש-פילוסופית-החינוך-האנתרופוסופי/,post,מימוש פילוסופית החינוך האנתרופוסופי במבני חינוך ולדורף | יהלי קפל ואיתמר נייגר,/curriculum-capstone.html,mapped-section,2018-07-09 · עבודות גמר
/מיסתורין/,post,כנס מחזות המיסתורין 30/11- 2/12 בהרדוף,/news.html,mapped-section,2017-11-08 · מודעות ופרסומים
/מישהו_לרוץ_איתו/,post,"כיתה י'1, תיכון זומר מציגה: 'מישהו לרוץ איתו'",/news.html,mapped-section,2018-03-09 · מודעות ופרסומים
/מכללת-בית-ברל/,post,מכללת בית ברל: הכשרה לצורך השלמת תעודת הוראה ותואר ראשון בחינוך,/news.html,mapped-section,2019-06-18 · מודעות ופרסומים
/מלאכות-ואמנויות-בית-ספר-תיכון/,post,מלאכות ואמנויות – ט' עד י&quot;ב,/curriculum-handwork.html,mapped-section,2015-03-26 · מלאכות יד
/מלאכות-ואמנויות-בתיכון-מבוא/,post,מבוא למלאכות ואמנויות בתיכון,/curriculum-handwork.html,mapped-section,2015-03-26 · מלאכות יד
/מלאכות-יד-מבוא/,post,מלאכות יד בבית הספר היסודי,/curriculum-handwork.html,mapped-section,2015-03-26 · מלאכות יד
/מלאכות-קשות/,post,עבודה בעץ,/curriculum-handwork.html,mapped-section,2015-08-15 · מלאכות יד
/מלב-אל-לב-עדכון-הפורום-הארצי-לקהילת-ול-2/,post,"מלב אל לב &#8211; עדכון הפורום הארצי לקהילת ולדורף, ספטמבר 2019",/news.html,mapped-section,2019-09-09 · הפורום הארצי - הודעות
/מלב-אל-לב-עדכון-הפורום-הארצי-לקהילת-ול/,post,"מלב אל לב &#8211; עדכון הפורום הארצי לקהילת ולדורף, מאי 2019",/forum-newsletter.html,mapped-section,2019-05-18 · אגרת - חינוך ולדורף בישראל
/מסלול-חינוך-וולדורף-במכללת-אורנים/,post,מסלול חינוך וולדורף במכללת אורנים,/news.html,mapped-section,2017-04-23 · מודעות ופרסומים
/מסלול-חינוך-ולדורף-לגיל-הרך-במכללת-אור/,post,מסלול חינוך ולדורף לגיל הרך במכללת אורנים,/news.html,mapped-section,2019-07-08 · מודעות ופרסומים
/מעבר-לעיקול-הדרך-מדוע-הריקנות-של-המחנך/,post,מעבר לעיקול הדרך: מדוע הריקנות של המחנך היא הצלחתו הגדולה ביותר?,/content-library.html,mapped-section,2026-03-26 · מאמרים
/מפגש-בינה-מלאכותית-לגילאי-חטב-תיכון-21-12-25/,post,מפגש: בינה מלאכותית לגילאי חט&quot;ב-תיכון 21.12.25,/news.html,mapped-section,2025-11-25 · מודעות ופרסומים
/מפגש-פורום-ארצי-214-אורים-בכפר-הירוק/,post,"מפגש פורום ארצי, 21/4, אורים בכפר הירוק",/news.html,mapped-section,2017-04-23 · הפורום הארצי - הודעות
/מפגש-פורום-משותף-לגנים-בתי-ספר-עמותות/,post,"מפגש פורום משותף לגנים, בתי ספר ועמותות חינוך ולדורף",/forum-newsletter.html,mapped-section,2015-12-30 · אגרת - חינוך ולדורף בישראל
/מפגש-שירה/,post,"&quot;אמן בכל שעה&quot; &#8211; מפגש שירה חורפי, 5 בדצמבר",/news.html,mapped-section,2018-11-10 · מודעות ופרסומים
/מקומה-של-האסתטיקה-בחינוך-ולדורף-אורי-ג/,post,מקומה של האסתטיקה בחינוך ולדורף | אורי גלעדי,/curriculum-capstone.html,mapped-section,2020-05-13 · עבודות גמר
/מקומו-של-חינוך-וולדורף-בתוך-מערכת-החינ/,post,מקומו של חינוך וולדורף בתוך מערכת החינוך הממלכתי בישראל | יעל הרן,/curriculum-capstone.html,mapped-section,2022-06-30 · עבודות גמר
/מקונפליקט-לחיבור-ריפוי-חברתי-באמצעות/,post,מקונפליקט לחיבור: ריפוי חברתי באמצעות פרקטיקות בהשראת חינוך וולדורף,/content-library.html,mapped-section,2026-02-27 · מאמרים
/מרקו/,post,"הזמנה להרצאה ולסדנה עם מרקו פוגצ'ניק, אומן שלום של יונסקו, מרץ 2018",/news.html,mapped-section,2018-02-25 · מודעות ופרסומים
/משמש-לירח-משימת-ההתפתחות-של-המחנך-שרו/,post,משמש לירח: משימת ההתפתחות של המחנך | שרון הררי,/curriculum-capstone.html,mapped-section,2020-01-23 · עבודות גמר
/מתעוררים-למעשים-מרוץ-למען-האקלים/,post,מתעוררים למעשים – מרוץ למען האקלים,/news.html,mapped-section,2020-02-12 · מודעות ופרסומים
/נכון-לעכשיו-נובמבר-24/,post,נכון לעכשיו | נובמבר 24,/news.html,mapped-section,2024-11-06 · מודעות ופרסומים
/נעשה-ונלמד-כנס-פדגוגיה-עמלנית/,post,נעשה ונלמד &#8211; כנס פדגוגיה עמלנית,/news.html,mapped-section,2016-10-11 · מודעות ופרסומים
/נקודות-מבט-ונושאים-כלליים/,post,נקודות מבט ונושאים כלליים מהגן ועד כיתה ח',/curriculum-eurythmy.html,mapped-section,2015-03-26 · אוריתמיה
/נשמיע-את-קולנו/,post,נשמיע את קולנו | ירון זנבל,/news.html,mapped-section,2023-02-25 · מודעות ופרסומים
/סדנא-בהוראת-מתמטיקה-עם-גימי-יורק/,post,סדנא בהוראת מתמטיקה עם ג'ימי יורק,/news.html,mapped-section,2017-03-08 · מודעות ופרסומים
/סדנאות-פיסול-בחימר-עם-ילדים-בחינוך-ולד/,post,"סדנאות פיסול בחימר עם ילדים בחינוך ולדורף &#8211; רודולף קייסבך, אפריל 2019",/news.html,mapped-section,2019-01-23 · מודעות ופרסומים
/סדנה-ביודינאמית-דצמבר/,post,סדנה ביודינאמית דצמבר 2,/news.html,mapped-section,2018-12-03 · מודעות ופרסומים
/סדנה-בריאת-העולם-בצבעים-ובמים-בכיתה-ג/,post,סדנה: בריאת העולם בצבעים ובמים בכיתה ג´,/news.html,mapped-section,2017-07-22 · מודעות ופרסומים
/סדנה-מבנה-הפה-הלסת-והשיניים-כביטוי-לקו/,post,"סדנה: מבנה הפה, הלסת והשיניים כביטוי לקונסטיטוציה של הילד",/news.html,mapped-section,2016-11-11 · מודעות ופרסומים
/סדנה-מעשית-להכנת-קערות-אור-כמתנת-חג-לרא/,post,סדנה מעשית להכנת קערות אור כמתנת חג לראש השנה לצוותים,/news.html,mapped-section,2016-08-31 · מודעות ופרסומים
/סדנה-מרוכזת-בחקלאות-ביודינאמית/,post,סדנה מרוכזת בחקלאות ביודינאמית 11-12/01/19,/news.html,mapped-section,2018-12-27 · מודעות ופרסומים
/סדנת-bal-a-vis-x-בחופשת-הפסח/,post,סדנת bal-a-vis-x בחופשת הפסח,/news.html,mapped-section,2020-02-12 · מודעות ופרסומים
/סדנת-אורח-מיכאלה-גלוקלר/,post,סדנת אורח &#8211; מיכאלה גלוקלר,/news.html,mapped-section,2017-09-16 · מודעות ופרסומים
/סדנת-כימיה-בחופשת-סוכות-תכנית-הלימודי/,post,סדנת כימיה בחופשת סוכות &#8211; תכנית הלימודים בכיתות ז'-ח‎',/news.html,mapped-section,2017-09-17 · מודעות ופרסומים
/סדנת-כתיבת-תעודות-26-4-ו-3-5/,post,סדנת כתיבת תעודות: 26.4 ו-3.5,/news.html,mapped-section,2018-04-20 · מודעות ופרסומים
/סדנת-תרפיה-בדיבור-4-ביולי-בהרדוף/,post,סדנת תרפיה בדיבור &#8211; 4 ביולי בהרדוף,/news.html,mapped-section,2018-06-18 · מודעות ופרסומים
/סדנת_גאומטריה/,post,מי מפחד ממחוגה? סדנאות בחשבון ובגאומטריה למורי ד-ו,/news.html,mapped-section,2017-07-19 · מודעות ופרסומים
/סופש-חקלאות-ביודינאמית-וקורס-יסודות-ב/,post,סופ&quot;ש חקלאות ביודינאמית וקורס יסודות בחקלאות ביודינאמית,/news.html,mapped-section,2016-07-11 · מודעות ופרסומים
/סופש-חקלאות-ביודינאמית-​בחוות-יתיר-14-1504/,post,סופ&quot;ש חקלאות ביודינאמית ​בחוות יתיר 14-15/04,/news.html,mapped-section,2017-03-15 · מודעות ופרסומים
/סיכום-דיון-בנושא-בתי-ספר-אנתרופוסופיי/,post,סיכום דיון בנושא בתי ספר אנתרופוסופיים,/news.html,mapped-section,2015-10-19 · הפורום הארצי - הודעות
/סיכום-פגישת-פורום-ארצי-בית-ספר-אורים-ה/,post,"סיכום פגישת פורום ארצי &#8211; בית ספר אורים, הכפר הירוק, 8 למאי",/news.html,mapped-section,2016-05-28 · הפורום הארצי - הודעות
/סיפורת-והתפתחות-הילד-דוד-בניהו/,post,סיפורת והתפתחות הילד | דוד בניהו,/curriculum-capstone.html,mapped-section,2020-08-04 · עבודות גמר
/סמינר-ביוגרפיה/,post,סמינר ביוגרפיה 7-9/4/2016 בירושלים,/news.html,mapped-section,2016-03-10 · מודעות ופרסומים
/סמינר-בית-חינוך-במדבר/,post,סמינר בית חינוך במדבר,/news.html,mapped-section,2016-09-21 · מודעות ופרסומים
/סמינר-חינוך-ולדורף-למורי-תיכון/,post,סמינר חינוך ולדורף למורי תיכון,/news.html,mapped-section,2017-02-28 · מודעות ופרסומים
/סמינר-חינוך-לגילאי-התיכון/,post,סמינר חינוך לגילאי התיכון,/news.html,mapped-section,2017-05-21 · מודעות ופרסומים
/סמינר-לחינוך-וולדורף-למורים-בתיכון/,post,סמינר לחינוך וולדורף למורים בתיכון,/news.html,mapped-section,2016-06-27 · מודעות ופרסומים
/סמינר-תיכון-ולדורף-תשפ/,post,סמינר תיכון ולדורף &#8211; תש&quot;פ,/news.html,mapped-section,2019-05-31 · מודעות ופרסומים
/סמינרים-בתחום-בריאות-הנפש-בהיבט-אנתרו/,post,סמינרים בתחום בריאות הנפש בהיבט אנתרופוסופי 2020 &#8211; 2019,/news.html,mapped-section,2019-12-01 · מודעות ופרסומים
/סמכות-אוהבת-על-הסמכות-בחינוך-ולדורף-א/,post,סמכות אוהבת &#8211; על הסמכות בחינוך ולדורף | אלה גבריאלי,/curriculum-capstone.html,mapped-section,2025-05-30 · עבודות גמר
/סמכות-המחנך-בחינוך-ולדורף-אשר-וזה/,post,סמכות המחנך בחינוך ולדורף | אשר וזה,/curriculum-capstone.html,mapped-section,2018-07-11 · עבודות גמר
/עבודה-סמינריונית-פתיחת-בוקר-בעבודה-בח/,post,פתיחת בוקר בעבודה בחווה | עמית גל,/curriculum-capstone.html,mapped-section,2020-08-04 · עבודות גמר
/עבודת-העץ-בתיכון-ולדורף-גיא-כהן/,post,עבודת העץ בתיכון ולדורף | גיא כהן,/curriculum-capstone.html,mapped-section,2021-04-05 · עבודות גמר
/עברית-ולשון-בביס-יסודי/,post,עברית ולשון בבי&quot;ס יסודי,/curriculum-hebrew.html,mapped-section,2015-04-22 · עברית ולשון
/עזרה-ותמיכה-רק-בתשלום/,post,עזרה ותמיכה &#8211; רק בתשלום?,/news.html,mapped-section,2016-07-21 · הפורום הארצי - הודעות
/עזרים-למורה-לתכנון-שנתי-ובניית-תקופות/,post,עזרים למורה לתכנון שנתי ובניית תקופות,/news.html,mapped-section,2023-07-05 · מודעות ופרסומים
/עיון-בקוריקולום-התרבותי-היסטורי-בחינ/,post,עיון בקוריקולום התרבותי-היסטורי בחינוך וולדורף | יפתח שילוני,/curriculum-capstone.html,mapped-section,2023-04-05 · עבודות גמר
/עיצוב-מרחב-פיזי-ברוח-החינוך-דרור-צור-ו/,post,עיצוב מרחב פיזי ברוח החינוך | דרור צור וגלעד גולדשמידט,/content-library.html,mapped-section,2018-07-08 · מאמרים
/על-הערכות-ותעודות-בחינוך-ולדורף/,post,על הערכות ותעודות בחינוך ולדורף,/news.html,mapped-section,2023-04-26 · מודעות ופרסומים
/על-סינתזה-ואנליזה-בהוראת-המתמטיקה-בחט/,post,על סינתזה ואנליזה בהוראת המתמטיקה בחטיבת הביניים | ניצן פריימן,/curriculum-capstone.html,mapped-section,2018-07-08 · עבודות גמר
/על-שאלות-חינוכיות-בגיל-ההתבגרות-המיני/,post,"על שאלות חינוכיות בגיל ההתבגרות המינית (כיתות ו', ז', ח'): ליווי חינוכי וחינוך מיני | אורי עברי",/content-library.html,mapped-section,2020-03-08 · מאמרים
/עם-הפנים-קדימה-חוברת-סיכום-שלב-א/,post,עם הפנים קדימה &#8211; חוברת סיכום שלב א',/news.html,mapped-section,2017-09-16 · הפורום הארצי - הודעות
/עם-הפנים-קדימה-תהליך-ארגון-מחדש-של-הפו/,post,עם הפנים קדימה: תהליך ארגון מחדש של הפורום הארצי,/news.html,review,2017-09-15 · uncategorized
/ערב-פתוח-בתיכון-זומר-ברמת-גן-2922016/,post,ערב פתוח בתיכון זומר ברמת גן &#8211; 29/2/2016,/news.html,mapped-section,2016-02-24 · מודעות ופרסומים
/ערב-פתוח-בתיכון-זומר/,post,ערב פתוח בתיכון זומר ר&quot;ג 12/2/2018,/news.html,mapped-section,2018-01-09 · מודעות ופרסומים
/פדגוגיה_מתבוננת/,post,פדגוגיה מתבוננת &#8211; 27 במרץ 09:00 &#8211; 15:15,/news.html,mapped-section,2018-02-06 · מודעות ופרסומים
/פודקאסט-מסעות-בחינוך/,post,פודקאסט: מסעות בחינוך | הילה שקד ואלון ירושלמי,/news.html,mapped-section,2023-01-20 · מודעות ופרסומים
/פודקאסט-עולמה-של-הילדות/,post,פודקאסט: עולמה של הילדות | ד&quot;ר גלעד גולדשמידט,/news.html,mapped-section,2023-01-13 · מודעות ופרסומים
/פורומון1/,post,מלב אל לב &#8211; עדכון הפורום הארצי לקהילת ולדורף,/news.html,mapped-section,2018-09-21 · הפורום הארצי - הודעות
/פיזיקה-בכיתות-ו-עד-יב/,post,פיזיקה בכיתות ו' עד י&quot;ב,/curriculum-science.html,mapped-section,2015-03-26 · פיזיקה
/פיזיקה-מבוא/,post,פיזיקה &#8211; מבוא,/curriculum-science.html,mapped-section,2015-03-26 · פיזיקה
/פיסול-בחינוך-וולדורף-הלכה-למעשה-על-ה/,post,פיסול בחינוך וולדורף – הלכה למעשה על הקשר שבין פיסול לחיזוק כוחות הרצון | רעות לביא,/curriculum-capstone.html,mapped-section,2018-07-10 · עבודות גמר
/פלא-הצגת-כיתה-ח-עפ-סיפורה-של-רג-פלאסי/,post,"פלא, הצגת כיתה ח' ע&quot;פ סיפורה של ר&quot;ג´ פלאסיו לצפייה ישירה",/news.html,mapped-section,2018-07-04 · מודעות ופרסומים
/פסיכופונטיקה-הרצאות-וסדנאות/,post,פסיכופונטיקה &#8211; הרצאות וסדנאות,/news.html,mapped-section,2017-01-18 · מודעות ופרסומים
/פרדוקס-הדיגיטציה-בחינוך-בין-קדמה-טכנו/,post,פרדוקס הדיגיטציה בחינוך: בין קדמה טכנולוגית לבין נסיגה קוגניטיבית,/content-library.html,mapped-section,2026-01-31 · מאמרים
/פתיתת-הרשמה-לקורסי-למורים-חונכים-יעוד/,post,פתיתת הרשמה לקורסי למורים חונכים &#8211; יעודי למורי ולדורף!,/news.html,mapped-section,2019-12-04 · מודעות ופרסומים
/צוותי-חשיבה-לציון-100-שנה-לחינוך-ולדורף-ו-50/,post,צוותי חשיבה לציון 100 שנה לחינוך ולדורף ו-50 שנה לחינוך המרפא בישראל,/news.html,mapped-section,2019-11-30 · מודעות ופרסומים
/ציור-בביס-יסודי/,post,ציור בבי&quot;ס יסודי,/curriculum-painting.html,mapped-section,2015-03-26 · אמנות - ציור
/ציור-בביס-תיכון/,post,ציור בבי&quot;ס תיכון,/curriculum-painting.html,mapped-section,2015-03-26 · אמנות - ציור
/ציורי-לוח/,post,ציורי לוח | ירון זנבל,/news.html,mapped-section,2022-09-24 · מודעות ופרסומים
/קבוצות-עבודה-ארציות-של-מורי-ולדורף/,post,קבוצות עבודה ארציות של מורי ולדורף,/news.html,mapped-section,2020-03-30 · מודעות ופרסומים
/קבל-את-הילד-ביראה-חנך-אותו-באהבה-ושלחה/,post,"&quot;קבל את הילד ביראה, חנך אותו באהבה ושלחהו לדרכו בחירות&quot;",/content-library.html,mapped-section,2026-03-28 · מאמרים
/קול-כולי-מוזיקה-ויצירתיות-בממלכת-הילד/,post,קול כולי &#8211; מוזיקה ויצירתיות בממלכת הילדות &#8211; סדנת מוזיקה ויצירה לקראת ט&quot;ו בשבט,/news.html,mapped-section,2016-01-11 · מודעות ופרסומים
/קול-קורא/,post,קול קורא &#8211; לחשוב מחדש את הקשר החי וההוליסטי שבין כלכלה לחינוך,/news.html,mapped-section,2019-05-18 · מודעות ופרסומים
/קונצרט-חורף/,post,קונצרט החורף של בית חינוך אלומות &#8211; 25.12.2018,/news.html,mapped-section,2018-12-20 · מודעות ופרסומים
/קוריקולום-לעבודת-גינה-gardening/,post,קוריקולום לעבודת גינה – Gardening,/curriculum-gardening.html,mapped-section,2016-01-08 · אדם ואדמה
/קורס-ביונדמי/,post,קורס ביונדמי &#8211; מחזור מספר 5 יוצא לדרך,/news.html,mapped-section,2018-09-14 · מודעות ופרסומים
/קורס-מבוא-לחינוך-ולדורף-למצבי-חרום-עם-bernd/,post,קורס מבוא לחינוך ולדורף למצבי חרום עם  Bernd Ruf,/news.html,mapped-section,2019-07-08 · מודעות ופרסומים
/קפיצה-בחבל/,post,קפיצה בחבל,/curriculum-pe.html,mapped-section,2024-11-10 · בוטמר ומשחקים
/רגע-היציאה-מהכיתה-על-אמנות-הפרידה-בסוף/,post,רגע היציאה מהכיתה: על אמנות הפרידה בסוף יום לימודים,/content-library.html,mapped-section,2026-08-17 · מאמרים
/רישום-רישום-צורות-וגרפיקה-בביס-יסודי/,post,"רישום, רישום צורות וגרפיקה בבי&quot;ס יסודי",/curriculum-form-drawing.html,mapped-section,"2015-03-26 · אמנות - רישום, רישום צורות, גרפיקה"
/רישום-רישום-צורות-וגרפיקה-בביס-תיכון/,post,"רישום, רישום צורות וגרפיקה בבי&quot;ס תיכון",/curriculum-form-drawing.html,mapped-section,"2015-03-26 · אמנות - רישום, רישום צורות, גרפיקה"
/רפואת-שיניים/,post,"רפואת שיניים אנתרופוסופית &#8211; הקשר בין מבנה הפה, הלסת והשיניים להתפתחות הילד",/news.html,mapped-section,2018-12-06 · מודעות ופרסומים
/רשימת-ספרים-לכיתות-א-עד-ח/,post,רשימת ספרים לכיתות א' עד ח',/curriculum-hebrew.html,mapped-section,2015-03-26 · עברית ולשון
/שברים-פשוטים-אתגרים-בהוראת-השברים-והמ/,post,שברים פשוטים?! אתגרים בהוראת השברים והמענה של חינוך ולדורף,/content-library.html,mapped-section,2026-01-13 · מאמרים
/שושנה/,post,בית הספר לאמנות הדיבור והדרמה מזמין: השושנה הלבנה,/news.html,mapped-section,2018-02-22 · מודעות ופרסומים
/שלד/,post,המקדש בתוכנו &#8211; סדנת הכרות עם המסתורין שבשלד האדם,/news.html,mapped-section,2017-11-08 · מודעות ופרסומים
/שלום-כיתה-א-2/,post,שלום כיתה א,/news.html,mapped-section,2026-07-20 · מודעות ופרסומים
/שלום-כיתה-א/,post,שלום כיתה א',/news.html,mapped-section,2023-07-01 · מודעות ופרסומים
/שנים-עשר-החושים-לאור-האנתרופוסופיה-ומ/,post,שנים עשר החושים לאור האנתרופוסופיה ומשמעותם לחינוך | רעות אתרוגי,/curriculum-capstone.html,mapped-section,2019-07-29 · עבודות גמר
/שפה-וספרות-אנגלית/,post,שפה וספרות אנגלית לכיתות התיכון,/curriculum-languages.html,mapped-section,2015-04-26 · אנגלית
/תהליך-ארגוני-בפורום-הארצי/,post,תהליך ארגוני בפורום הארצי,/news.html,mapped-section,2016-05-06 · הפורום הארצי - הודעות
/תואר-ראשון-b-ed-ותעודת-הוראה-בחינוך-יסודי/,post,תואר ראשון B.Ed. ותעודת הוראה בחינוך יסודי בגישת וולדורף (אנתרופוסופיה) &#8211; יום פתוח למתעניינים יתקיים ביום חמישי 13.7.17,/news.html,mapped-section,2017-07-07 · מודעות ופרסומים
/תואר-שני-עם-התמחות-ולדורף/,post,תואר שני עם התמחות ולדורף,/news.html,mapped-section,2026-02-20 · מודעות ופרסומים
/תוכנית-הלימודים-ודגשים-עבור-בית-הספר-ה/,post,תוכנית הלימודים ודגשים עבור בית הספר היסודי – כיתות א'-ח',/curriculum-drama.html,mapped-section,2015-04-10 · אמנות הדיבור
/תוכנית-הלימודים-למלאכות-יד-הרכות/,post,"סריגה, רקמה ותפירה",/curriculum-handwork.html,mapped-section,2015-03-26 · מלאכות יד
/תולדות-האומנות-והתפתחות-התודעה-האנוש/,post,תולדות האומנות והתפתחות התודעה האנושית | גוטפריד ריכטר,/news.html,mapped-section,2019-12-08 · מודעות ופרסומים
/תיאטרון-בובות-בביהס-היסודי-נגה-יצחקי/,post,תיאטרון בובות בביה&quot;ס היסודי | נגה יצחקי,/curriculum-capstone.html,mapped-section,2023-04-05 · עבודות גמר
/תיכון-רימון-קולט-ילדים-לכיתות-ט-י/,post,תיכון רימון קולט ילדים לכיתות ט' י',/news.html,mapped-section,2016-12-26 · מודעות ופרסומים
/תכנית-להכשרת-מורים-ומורות-למלאכה/,post,תכנית להכשרת מורים ומורות למלאכה,/news.html,mapped-section,2019-11-02 · מודעות ופרסומים
/תנ-ך-מבוא/,post,תנ&quot; ך &#8211; מבוא,/curriculum-literature.html,mapped-section,"2015-03-26 · תנ""ך"
/תנך-בבית-הספר-היסודי/,post,תנ&quot;ך בבית הספר היסודי,/curriculum-literature.html,mapped-section,"2015-03-26 · תנ""ך"
/תפיסות-של-מחנכים-במסגרות-חינוך-ולדורף/,post,תפיסות של מחנכים במסגרות חינוך ולדורף לגיל הרך את העבודה הרפלקטיבית  שלהם בהקשר לעבודת הצוות | עפר גן אור,/curriculum-capstone.html,mapped-section,2022-06-04 · עבודות גמר
/תקופות-בוטניקה-בכיתות-ה-ו-לצמוח-עם-היל/,post,תקופות בוטניקה בכיתות ה'-ו': לצמוח עם הילדים | ירון זנבל,/content-library.html,mapped-section,2022-03-06 · מאמרים / מודעות ופרסומים
/תקופות-הלימוד-הבלוקים-בכיתות-א-ט/,post,תקופות הלימוד (הבלוקים) בכיתות א'-ט',/content-library.html,mapped-section,2026-03-14 · מאמרים
/תרומתה-וחשיבותה-של-הוראת-השפות-הזרות-ב/,post,תרומתה וחשיבותה של הוראת השפות הזרות בכיתות א'-ב' בחינוך ולדורף | דפני ססיל ליטמן כהן,/curriculum-capstone.html,mapped-section,2021-01-04 · עבודות גמר
